Workbook
Name Slicer_Academic_Level: #N/A
Name Slicer_Age_Group: #N/A
Name Slicer_Country: #N/A
Name Slicer_Gender: #N/A
Name Slicer_Most_Used_Platform: #N/A

Sheet Students Social Media Addiction
A1: Student_ID | B1: Age | C1: Gender | D1: Academic_Level | E1: Country | F1: Avg_Daily_Usage_Hours | G1: Most_Used_Platform | H1: Affects_Academic_Performance | I1: Sleep_Hours_Per_Night | J1: Mental_Health_Score | K1: Relationship_Status | L1: Addicted_Score | M1: Age_Group | N1: Usage Category | O1: Addiction Level | P1: Sleep Quality | Q1: Academic Impact Flag | R1: Mental Health Status | S1: % High Addiction Students | T1: % Academic Performance Affected | U1: Average Sleep Hours | V1: Average Mental Health Score
A2: 1 | B2: 19 | C2: Female | D2: Undergraduate | E2: Bangladesh | F2: 5.2 | G2: Instagram | H2: Yes | I2: 6.5 | J2: 6 | K2: In Relationship | L2: 8 | M2: =IF(Table1[[#This Row],[Age]]<=18,"Teen",IF(Table1[[#This Row],[Age]]<=21,"Young Adult","Adult")) -> Young Adult | N2: =IF(F2<2,"Low", IF(F2<4,"Moderate", IF(F2<6,"High","Very High"))) -> High | O2: =IF(L2<=3,"Low", IF(L2<=6,"Medium","High")) -> High | P2: =IF(I2<6,"Poor", IF(I2<=7,"Average","Healthy")) -> Average | Q2: =IF(H2="Yes",1,0) -> 1 | R2: =IF(J2<=4,"Poor", IF(J2<=6,"Average","Good")) -> Average | S2: =COUNTIF('Students Social Media Addiction'!O:O,"High")/COUNTA(Table1[Student_ID]) -> 0.5787234 | T2: =AVERAGE(Table1[Academic Impact Flag]) -> 0.64255319 | U2: =AVERAGE(Table1[Sleep_Hours_Per_Night]) -> 6.8689362 | V2: =AVERAGE(Table1[Mental_Health_Score]) -> 6.2269504
A3: 2 | B3: 22 | C3: Male | D3: Graduate | E3: India | F3: 2.1 | G3: Twitter | H3: No | I3: 7.5 | J3: 8 | K3: Single | L3: 3 | M3: =IF(Table1[[#This Row],[Age]]<=18,"Teen",IF(Table1[[#This Row],[Age]]<=21,"Young Adult","Adult")) -> Adult | N3: =IF(F3<2,"Low", IF(F3<4,"Moderate", IF(F3<6,"High","Very High"))) -> Moderate | O3: =IF(L3<=3,"Low", IF(L3<=6,"Medium","High")) -> Low | P3: =IF(I3<6,"Poor", IF(I3<=7,"Average","Healthy")) -> Healthy | Q3: =IF(H3="Yes",1,0) -> 0 | R3: =IF(J3<=4,"Poor", IF(J3<=6,"Average","Good")) -> Good | S3: =COUNTIF('Students Social Media Addiction'!O:O,"High")/COUNTA(Table1[Student_ID]) -> 0.5787234 | T3: =AVERAGE(Table1[Academic Impact Flag]) -> 0.64255319 | U3: =AVERAGE(Table1[Sleep_Hours_Per_Night]) -> 6.8689362 | V3: =AVERAGE(Table1[Mental_Health_Score]) -> 6.2269504
A4: 3 | B4: 20 | C4: Female | D4: Undergraduate | E4: USA | F4: 6 | G4: TikTok | H4: Yes | I4: 5 | J4: 5 | K4: Complicated | L4: 9 | M4: =IF(Table1[[#This Row],[Age]]<=18,"Teen",IF(Table1[[#This Row],[Age]]<=21,"Young Adult","Adult")) -> Young Adult | N4: =IF(F4<2,"Low", IF(F4<4,"Moderate", IF(F4<6,"High","Very High"))) -> Very High | O4: =IF(L4<=3,"Low", IF(L4<=6,"Medium","High")) -> High | P4: =IF(I4<6,"Poor", IF(I4<=7,"Average","Healthy")) -> Poor | Q4: =IF(H4="Yes",1,0) -> 1 | R4: =IF(J4<=4,"Poor", IF(J4<=6,"Average","Good")) -> Average | S4: =COUNTIF('Students Social Media Addiction'!O:O,"High")/COUNTA(Table1[Student_ID]) -> 0.5787234 | T4: =AVERAGE(Table1[Academic Impact Flag]) -> 0.64255319 | U4: =AVERAGE(Table1[Sleep_Hours_Per_Night]) -> 6.8689362 | V4: =AVERAGE(Table1[Mental_Health_Score]) -> 6.2269504
A5: 4 | B5: 18 | C5: Male | D5: High School | E5: UK | F5: 3 | G5: YouTube | H5: No | I5: 7 | J5: 7 | K5: Single | L5: 4 | M5: =IF(Table1[[#This Row],[Age]]<=18,"Teen",IF(Table1[[#This Row],[Age]]<=21,"Young Adult","Adult")) -> Teen | N5: =IF(F5<2,"Low", IF(F5<4,"Moderate", IF(F5<6,"High","Very High"))) -> Moderate | O5: =IF(L5<=3,"Low", IF(L5<=6,"Medium","High")) -> Medium | P5: =IF(I5<6,"Poor", IF(I5<=7,"Average","Healthy")) -> Average | Q5: =IF(H5="Yes",1,0) -> 0 | R5: =IF(J5<=4,"Poor", IF(J5<=6,"Average","Good")) -> Good | S5: =COUNTIF('Students Social Media Addiction'!O:O,"High")/COUNTA(Table1[Student_ID]) -> 0.5787234 | T5: =AVERAGE(Table1[Academic Impact Flag]) -> 0.64255319 | U5: =AVERAGE(Table1[Sleep_Hours_Per_Night]) -> 6.8689362 | V5: =AVERAGE(Table1[Mental_Health_Score]) -> 6.2269504
A6: 5 | B6: 21 | C6: Male | D6: Graduate | E6: Canada | F6: 4.5 | G6: Facebook | H6: Yes | I6: 6 | J6: 6 | K6: In Relationship | L6: 7 | M6: =IF(Table1[[#This Row],[Age]]<=18,"Teen",IF(Table1[[#This Row],[Age]]<=21,"Young Adult","Adult")) -> Young Adult | N6: =IF(F6<2,"Low", IF(F6<4,"Moderate", IF(F6<6,"High","Very High"))) -> High | O6: =IF(L6<=3,"Low", IF(L6<=6,"Medium","High")) -> High | P6: =IF(I6<6,"Poor", IF(I6<=7,"Average","Healthy")) -> Average | Q6: =IF(H6="Yes",1,0) -> 1 | R6: =IF(J6<=4,"Poor", IF(J6<=6,"Average","Good")) -> Average | S6: =COUNTIF('Students Social Media Addiction'!O:O,"High")/COUNTA(Table1[Student_ID]) -> 0.5787234 | T6: =AVERAGE(Table1[Academic Impact Flag]) -> 0.64255319 | U6: =AVERAGE(Table1[Sleep_Hours_Per_Night]) -> 6.8689362 | V6: =AVERAGE(Table1[Mental_Health_Score]) -> 6.2269504
A7: 6 | B7: 19 | C7: Female | D7: Undergraduate | E7: Australia | F7: 7.2 | G7: Instagram | H7: Yes | I7: 4.5 | J7: 4 | K7: Complicated | L7: 9 | M7: =IF(Table1[[#This Row],[Age]]<=18,"Teen",IF(Table1[[#This Row],[Age]]<=21,"Young Adult","Adult")) -> Young Adult | N7: =IF(F7<2,"Low", IF(F7<4,"Moderate", IF(F7<6,"High","Very High"))) -> Very High | O7: =IF(L7<=3,"Low", IF(L7<=6,"Medium","High")) -> High | P7: =IF(I7<6,"Poor", IF(I7<=7,"Average","Healthy")) -> Poor | Q7: =IF(H7="Yes",1,0) -> 1 | R7: =IF(J7<=4,"Poor", IF(J7<=6,"Average","Good")) -> Poor | S7: =COUNTIF('Students Social Media Addiction'!O:O,"High")/COUNTA(Table1[Student_ID]) -> 0.5787234 | T7: =AVERAGE(Table1[Academic Impact Flag]) -> 0.64255319 | U7: =AVERAGE(Table1[Sleep_Hours_Per_Night]) -> 6.8689362 | V7: =AVERAGE(Table1[Mental_Health_Score]) -> 6.2269504
A8: 7 | B8: 23 | C8: Male | D8: Graduate | E8: Germany | F8: 1.5 | G8: LinkedIn | H8: No | I8: 8 | J8: 9 | K8: Single | L8: 2 | M8: =IF(Table1[[#This Row],[Age]]<=18,"Teen",IF(Table1[[#This Row],[Age]]<=21,"Young Adult","Adult")) -> Adult | N8: =IF(F8<2,"Low", IF(F8<4,"Moderate", IF(F8<6,"High","Very High"))) -> Low | O8: =IF(L8<=3,"Low", IF(L8<=6,"Medium","High")) -> Low | P8: =IF(I8<6,"Poor", IF(I8<=7,"Average","Healthy")) -> Healthy | Q8: =IF(H8="Yes",1,0) -> 0 | R8: =IF(J8<=4,"Poor", IF(J8<=6,"Average","Good")) -> Good | S8: =COUNTIF('Students Social Media Addiction'!O:O,"High")/COUNTA(Table1[Student_ID]) -> 0.5787234 | T8: =AVERAGE(Table1[Academic Impact Flag]) -> 0.64255319 | U8: =AVERAGE(Table1[Sleep_Hours_Per_Night]) -> 6.8689362 | V8: =AVERAGE(Table1[Mental_Health_Score]) -> 6.2269504
A9: 8 | B9: 20 | C9: Female | D9: Undergraduate | E9: Brazil | F9: 5.8 | G9: Snapchat | H9: Yes | I9: 6 | J9: 6 | K9: In Relationship | L9: 8 | M9: =IF(Table1[[#This Row],[Age]]<=18,"Teen",IF(Table1[[#This Row],[Age]]<=21,"Young Adult","Adult")) -> Young Adult | N9: =IF(F9<2,"Low", IF(F9<4,"Moderate", IF(F9<6,"High","Very High"))) -> High | O9: =IF(L9<=3,"Low", IF(L9<=6,"Medium","High")) -> High | P9: =IF(I9<6,"Poor", IF(I9<=7,"Average","Healthy")) -> Average | Q9: =IF(H9="Yes",1,0) -> 1 | R9: =IF(J9<=4,"Poor", IF(J9<=6,"Average","Good")) -> Average | S9: =COUNTIF('Students Social Media Addiction'!O:O,"High")/COUNTA(Table1[Student_ID]) -> 0.5787234 | T9: =AVERAGE(Table1[Academic Impact Flag]) -> 0.64255319 | U9: =AVERAGE(Table1[Sleep_Hours_Per_Night]) -> 6.8689362 | V9: =AVERAGE(Table1[Mental_Health_Score]) -> 6.2269504
A10: 9 | B10: 18 | C10: Male | D10: High School | E10: Japan | F10: 4 | G10: TikTok | H10: No | I10: 6.5 | J10: 7 | K10: Single | L10: 5 | M10: =IF(Table1[[#This Row],[Age]]<=18,"Teen",IF(Table1[[#This Row],[Age]]<=21,"Young Adult","Adult")) -> Teen | N10: =IF(F10<2,"Low", IF(F10<4,"Moderate", IF(F10<6,"High","Very High"))) -> High | O10: =IF(L10<=3,"Low", IF(L10<=6,"Medium","High")) -> Medium | P10: =IF(I10<6,"Poor", IF(I10<=7,"Average","Healthy")) -> Average | Q10: =IF(H10="Yes",1,0) -> 0 | R10: =IF(J10<=4,"Poor", IF(J10<=6,"Average","Good")) -> Good | S10: =COUNTIF('Students Social Media Addiction'!O:O,"High")/COUNTA(Table1[Student_ID]) -> 0.5787234 | T10: =AVERAGE(Table1[Academic Impact Flag]) -> 0.64255319 | U10: =AVERAGE(Table1[Sleep_Hours_Per_Night]) -> 6.8689362 | V10: =AVERAGE(Table1[Mental_Health_Score]) -> 6.2269504
A11: 10 | B11: 21 | C11: Female | D11: Graduate | E11: South Korea | F11: 3.3 | G11: Instagram | H11: No | I11: 7 | J11: 7 | K11: In Relationship | L11: 4 | M11: =IF(Table1[[#This Row],[Age]]<=18,"Teen",IF(Table1[[#This Row],[Age]]<=21,"Young Adult","Adult")) -> Young Adult | N11: =IF(F11<2,"Low", IF(F11<4,"Moderate", IF(F11<6,"High","Very High"))) -> Moderate | O11: =IF(L11<=3,"Low", IF(L11<=6,"Medium","High")) -> Medium | P11: =IF(I11<6,"Poor", IF(I11<=7,"Average","Healthy")) -> Average | Q11: =IF(H11="Yes",1,0) -> 0 | R11: =IF(J11<=4,"Poor", IF(J11<=6,"Average","Good")) -> Good | S11: =COUNTIF('Students Social Media Addiction'!O:O,"High")/COUNTA(Table1[Student_ID]) -> 0.5787234 | T11: =AVERAGE(Table1[Academic Impact Flag]) -> 0.64255319 | U11: =AVERAGE(Table1[Sleep_Hours_Per_Night]) -> 6.8689362 | V11: =AVERAGE(Table1[Mental_Health_Score]) -> 6.2269504
A12: 11 | B12: 19 | C12: Male | D12: Undergraduate | E12: France | F12: 4.8 | G12: Snapchat | H12: Yes | I12: 6.2 | J12: 5 | K12: Complicated | L12: 7 | M12: =IF(Table1[[#This Row],[Age]]<=18,"Teen",IF(Table1[[#This Row],[Age]]<=21,"Young Adult","Adult")) -> Young Adult | N12: =IF(F12<2,"Low", IF(F12<4,"Moderate", IF(F12<6,"High","Very High"))) -> High | O12: =IF(L12<=3,"Low", IF(L12<=6,"Medium","High")) -> High | P12: =IF(I12<6,"Poor", IF(I12<=7,"Average","Healthy")) -> Average | Q12: =IF(H12="Yes",1,0) -> 1 | R12: =IF(J12<=4,"Poor", IF(J12<=6,"Average","Good")) -> Average | S12: =COUNTIF('Students Social Media Addiction'!O:O,"High")/COUNTA(Table1[Student_ID]) -> 0.5787234 | T12: =AVERAGE(Table1[Academic Impact Flag]) -> 0.64255319 | U12: =AVERAGE(Table1[Sleep_Hours_Per_Night]) -> 6.8689362 | V12: =AVERAGE(Table1[Mental_Health_Score]) -> 6.2269504
A13: 12 | B13: 20 | C13: Female | D13: Undergraduate | E13: Spain | F13: 5.5 | G13: TikTok | H13: Yes | I13: 5.8 | J13: 6 | K13: In Relationship | L13: 8 | M13: =IF(Table1[[#This Row],[Age]]<=18,"Teen",IF(Table1[[#This Row],[Age]]<=21,"Young Adult","Adult")) -> Young Adult | N13: =IF(F13<2,"Low", IF(F13<4,"Moderate", IF(F13<6,"High","Very High"))) -> High | O13: =IF(L13<=3,"Low", IF(L13<=6,"Medium","High")) -> High | P13: =IF(I13<6,"Poor", IF(I13<=7,"Average","Healthy")) -> Poor | Q13: =IF(H13="Yes",1,0) -> 1 | R13: =IF(J13<=4,"Poor", IF(J13<=6,"Average","Good")) -> Average | S13: =COUNTIF('Students Social Media Addiction'!O:O,"High")/COUNTA(Table1[Student_ID]) -> 0.5787234 | T13: =AVERAGE(Table1[Academic Impact Flag]) -> 0.64255319 | U13: =AVERAGE(Table1[Sleep_Hours_Per_Night]) -> 6.8689362 | V13: =AVERAGE(Table1[Mental_Health_Score]) -> 6.2269504
... A706: 705 | B706: 19 | C706: Female | D706: Undergraduate | E706: Poland | F706: 6.2 | G706: Facebook | H706: Yes | I706: 6.3 | J706: 5 | K706: Single | L706: 8 | M706: =IF(Table1[[#This Row],[Age]]<=18,"Teen",IF(Table1[[#This Row],[Age]]<=21,"Young Adult","Adult")) -> Young Adult | N706: =IF(F706<2,"Low", IF(F706<4,"Moderate", IF(F706<6,"High","Very High"))) -> Very High | O706: =IF(L706<=3,"Low", IF(L706<=6,"Medium","High")) -> High | P706: =IF(I706<6,"Poor", IF(I706<=7,"Average","Healthy")) -> Average | Q706: =IF(H706="Yes",1,0) -> 1 | R706: =IF(J706<=4,"Poor", IF(J706<=6,"Average","Good")) -> Average | S706: =COUNTIF('Students Social Media Addiction'!O:O,"High")/COUNTA(Table1[Student_ID]) -> 0.5787234 | T706: =AVERAGE(Table1[Academic Impact Flag]) -> 0.64255319 | U706: =AVERAGE(Table1[Sleep_Hours_Per_Night]) -> 6.8689362 | V706: =AVERAGE(Table1[Mental_Health_Score]) -> 6.2269504

Sheet Report
B4: Count of Student_ID | C4: Average of Avg_Daily_Usage_Hours | D4: Average of Addicted_Score | E4: Min of % High Addiction Students | F4: Min of % Academic Performance Affected | G4: Min of Average Sleep Hours | H4: Min of Average Mental Health Score
B5: 705 | C5: 4.9187234 | D5: 6.4368794 | E5: 0.5787234 | F5: 0.64255319 | G5: 6.8689362 | H5: 6.2269504
B7: =B5 -> 705 | C7: =C5 -> 4.9187234 | D7: =D5 -> 6.4368794 | E7: =E5 -> 0.5787234 | F7: =F5 -> 0.64255319 | G7: =G5 -> 6.8689362 | H7: =H5 -> 6.2269504
A13: P1 | E13: P2 | I13: P3 | N13: P4 | R13: P5 | V13: P6
A14: Adiction level Distribution | E14: Platform vs Avg Addiction Score | I14: Academic Impact Analysis | N14: Usage Category vs Sleep | R14: Academic Level vs Mental Health | V14: Academic Level vs Addiction
A15: Row Labels | B15: Count of Student_ID | E15: Row Labels | F15: Average of Addicted_Score | I15: Row Labels | J15: Count of Student_ID | K15: Average of Addicted_Score | N15: Row Labels | O15: Average of Sleep_Hours_Per_Night | R15: Row Labels | S15: Average of Mental_Health_Score | V15: Row Labels | W15: Average of Addicted_Score
A16: High | B16: 408 | E16: WhatsApp | F16: 7.462963 | I16: Yes | J16: 453 | K16: 7.4613687 | N16: Moderate | O16: 8.0620915 | R16: Graduate | S16: 6.3723077 | V16: Graduate | W16: 6.2430769
A17: Low | B17: 17 | E17: Snapchat | F17: 7.4615385 | I17: No | J17: 252 | K17: 4.5952381 | N17: Low | O17: 8 | R17: High School | S17: 5.1111111 | V17: High School | W17: 8.037037
A18: Medium | B18: 280 | E18: TikTok | F18: 7.4285714 | I18: Grand Total | J18: 705 | K18: 6.4368794 | N18: High | O18: 6.8568579 | R18: Undergraduate | S18: 6.1784703 | V18: Undergraduate | W18: 6.4929178
A19: Grand Total | B19: 705 | E19: Instagram | F19: 6.5542169 | N19: Very High | O19: 5.6766667 | R19: Grand Total | S19: 6.2269504 | V19: Grand Total | W19: 6.4368794
E20: YouTube | F20: 6.1 | N20: Grand Total | O20: 6.8689362
E21: WeChat | F21: 6.0666667
E22: KakaoTalk | F22: 6
E23: Facebook | F23: 5.6666667
E24: Twitter | F24: 5.5
E25: VKontakte | F25: 5
E26: LinkedIn | F26: 3.8095238
E27: LINE | F27: 3
E28: Grand Total | F28: 6.4368794
A31: insight :- | E31: insight :- | I31: Insight :- | N31: insight :- | R31: insight :- | V31: insight :-
A32: we can conclude that out of 705 students the majority of students are adddicted to the social media | E32: We can conclude that the Whatsapp is most harmful platform as compare to other social media platforms | I32: we can conclude that out of 705 students 453 students are affected by social media platform because of high addiction score | N32: we can conclude that the students which are addicted to the social media are having very poor sleep hour which might afffects their mental health | R32: we can conclude that Graduate students are less affected to social media as compare to high Scool and Undergraduate students | V32: we can conclude that the graduate students are less addicted to social media and hence they lower addiction score as compare to others

Sheet Dashboard
